{
    "result": "success",
    "message": "",
    "data": [
        {
            "id": 207,
            "title": "A to Z Letter",
            "category_id": 2,
            "image": "1548222924_Artboard_1.png",
            "collage_image": "a_to_z_letter_1548222948.png",
            "collage_image_height": 1225,
            "collage_image_width": 700,
            "is_premium": 0,
            "priority": 76,
            "downloads": 13803,
            "status": 1,
            "created_at": "2019-01-23 05:57:06",
            "updated_at": "2019-02-27 05:00:39",
            "sticker_images": "1548222937_Artboard_26.webp,1548222937_Artboard_25.webp,1548222937_Artboard_24.webp,1548222937_Artboard_23.webp,1548222937_Artboard_22.webp,1548222937_Artboard_21.webp,1548222937_Artboard_20.webp,1548222937_Artboard_19.webp,1548222936_Artboard_18.webp,1548222936_Artboard_17.webp,1548222936_Artboard_16.webp,1548222936_Artboard_14.webp,1548222936_Artboard_13.webp,1548222936_Artboard_12.webp,1548222936_Artboard_11.webp,1548222936_Artboard_10.webp,1548222936_Artboard_15.webp,1548222936_Artboard_9.webp,1548222936_Artboard_5.webp,1548222936_Artboard_4.webp,1548222936_Artboard_6.webp,1548222936_Artboard_2.webp,1548222936_Artboard_3.webp,1548222936_Artboard_8.webp,1548222935_Artboard_7.webp,1548222935_Artboard_1.webp",
            "sticker_url": "https://api.wastickerapp.co/images/stickers/thumb/",
            "collage_image_url": "https://api.wastickerapp.co/images/collage_image/thumb_700/a_to_z_letter_1548222948.png",
            "collage_image_900_url": "https://api.wastickerapp.co/images/collage_image/thumb_900/a_to_z_letter_1548222948.png",
            "tray_image_url": "https://api.wastickerapp.co/images/tray_image/thumb/1548222924_Artboard_1.png",
            "zip_url": "https://api.wastickerapp.co/images/stickers/zip/207.zip"
        },
        {
            "id": 160,
            "title": "Acronyms",
            "category_id": 2,
            "image": "1544877718_Artboard_30.png",
            "collage_image": "160_1381545028884.png",
            "collage_image_height": 1400,
            "collage_image_width": 700,
            "is_premium": 0,
            "priority": 70,
            "downloads": 23106,
            "status": 1,
            "created_at": "2018-12-15 12:43:42",
            "updated_at": "2019-02-27 05:16:21",
            "sticker_images": "1544877739_Artboard_29.webp,1544877739_Artboard_30.webp,1544877739_Artboard_28.webp,1544877738_Artboard_27.webp,1544877738_Artboard_26.webp,1544877738_Artboard_25.webp,1544877738_Artboard_24.webp,1544877738_Artboard_19.webp,1544877738_Artboard_23.webp,1544877738_Artboard_22.webp,1544877738_Artboard_20.webp,1544877738_Artboard_21.webp,1544877738_Artboard_18.webp,1544877738_Artboard_17.webp,1544877738_Artboard_16.webp,1544877738_Artboard_10.webp,1544877738_Artboard_14.webp,1544877738_Artboard_15.webp,1544877738_Artboard_13.webp,1544877738_Artboard_12.webp,1544877738_Artboard_11.webp,1544877738_Artboard_5.webp,1544877738_Artboard_4.webp,1544877738_Artboard_9.webp,1544877738_Artboard_3.webp,1544877737_Artboard_8.webp,1544877737_Artboard_7.webp,1544877737_Artboard_2.webp,1544877737_Artboard_6.webp,1544877737_Artboard_1.webp",
            "sticker_url": "https://api.wastickerapp.co/images/stickers/thumb/",
            "collage_image_url": "https://api.wastickerapp.co/images/collage_image/thumb_700/160_1381545028884.png",
            "collage_image_900_url": "https://api.wastickerapp.co/images/collage_image/thumb_900/160_1381545028884.png",
            "tray_image_url": "https://api.wastickerapp.co/images/tray_image/thumb/1544877718_Artboard_30.png",
            "zip_url": "https://api.wastickerapp.co/images/stickers/zip/160.zip"
        },
        {
            "id": 193,
            "title": "Alphabets",
            "category_id": 2,
            "image": "1546843007_Artboard_1.png",
            "collage_image": "alphabets_1546843036.png",
            "collage_image_height": 1225,
            "collage_image_width": 700,
            "is_premium": 0,
            "priority": 21,
            "downloads": 24369,
            "status": 1,
            "created_at": "2019-01-07 06:38:01",
            "updated_at": "2019-02-27 05:13:03",
            "sticker_images": "1546843026_Artboard_26.webp,1546843026_Artboard_25.webp,1546843026_Artboard_24.webp,1546843025_Artboard_21.webp,1546843025_Artboard_20.webp,1546843025_Artboard_19.webp,1546843025_Artboard_23.webp,1546843025_Artboard_18.webp,1546843025_Artboard_22.webp,1546843025_Artboard_16.webp,1546843025_Artboard_17.webp,1546843025_Artboard_13.webp,1546843025_Artboard_14.webp,1546843025_Artboard_12.webp,1546843025_Artboard_11.webp,1546843025_Artboard_15.webp,1546843025_Artboard_10.webp,1546843025_Artboard_9.webp,1546843025_Artboard_7.webp,1546843025_Artboard_5.webp,1546843025_Artboard_6.webp,1546843025_Artboard_2.webp,1546843025_Artboard_3.webp,1546843024_Artboard_8.webp,1546843024_Artboard_4.webp,1546843024_Artboard_1.webp",
            "sticker_url": "https://api.wastickerapp.co/images/stickers/thumb/",
            "collage_image_url": "https://api.wastickerapp.co/images/collage_image/thumb_700/alphabets_1546843036.png",
            "collage_image_900_url": "https://api.wastickerapp.co/images/collage_image/thumb_900/alphabets_1546843036.png",
            "tray_image_url": "https://api.wastickerapp.co/images/tray_image/thumb/1546843007_Artboard_1.png",
            "zip_url": "https://api.wastickerapp.co/images/stickers/zip/193.zip"
        },
        {
            "id": 123,
            "title": "Animals",
            "category_id": 10,
            "image": "1543067651_tray.png",
            "collage_image": "123_61545028136.png",
            "collage_image_height": 1400,
            "collage_image_width": 700,
            "is_premium": 0,
            "priority": 68,
            "downloads": 7663,
            "status": 1,
            "created_at": "2018-11-24 14:06:20",
            "updated_at": "2019-02-27 04:20:43",
            "sticker_images": "1543067658_02.webp,1543067658_01.webp,1543067658_03.webp,1543067658_04.webp,1543067658_05.webp,1543067658_06.webp,1543067658_08.webp,1543067658_07.webp,1543067658_09.webp,1543067657_17.webp,1543067657_10.webp,1543067657_15.webp,1543067657_14.webp,1543067657_13.webp,1543067657_12.webp,1543067657_11.webp,1543067657_18.webp,1543067656_16.webp,1543067656_20.webp,1543067656_19.webp,1543067656_21.webp,1543067656_25.webp,1543067656_26.webp,1543067656_27.webp,1543067656_24.webp,1543067656_22.webp,1543067656_23.webp,1543067656_30.webp,1543067656_29.webp,1543067656_28.webp",
            "sticker_url": "https://api.wastickerapp.co/images/stickers/thumb/",
            "collage_image_url": "https://api.wastickerapp.co/images/collage_image/thumb_700/123_61545028136.png",
            "collage_image_900_url": "https://api.wastickerapp.co/images/collage_image/thumb_900/123_61545028136.png",
            "tray_image_url": "https://api.wastickerapp.co/images/tray_image/thumb/1543067651_tray.png",
            "zip_url": "https://api.wastickerapp.co/images/stickers/zip/123.zip"
        },
        {
            "id": 209,
            "title": "Batmoji",
            "category_id": 3,
            "image": "1548415502_Artboard_1.png",
            "collage_image": "batmoji_1548415526.png",
            "collage_image_height": 1400,
            "collage_image_width": 700,
            "is_premium": 0,
            "priority": 16,
            "downloads": 8112,
            "status": 1,
            "created_at": "2019-01-25 11:26:08",
            "updated_at": "2019-02-27 05:12:45",
            "sticker_images": "1548415518_Artboard_27.webp,1548415518_Artboard_30.webp,1548415518_Artboard_26.webp,1548415517_Artboard_29.webp,1548415517_Artboard_28.webp,1548415517_Artboard_25.webp,1548415517_Artboard_24.webp,1548415517_Artboard_23.webp,1548415517_Artboard_20.webp,1548415517_Artboard_21.webp,1548415517_Artboard_19.webp,1548415517_Artboard_18.webp,1548415517_Artboard_17.webp,1548415517_Artboard_22.webp,1548415517_Artboard_16.webp,1548415517_Artboard_14.webp,1548415517_Artboard_13.webp,1548415517_Artboard_12.webp,1548415517_Artboard_11.webp,1548415517_Artboard_10.webp,1548415516_Artboard_15.webp,1548415516_Artboard_9.webp,1548415516_Artboard_7.webp,1548415516_Artboard_6.webp,1548415516_Artboard_4.webp,1548415516_Artboard_2.webp,1548415516_Artboard_3.webp,1548415516_Artboard_8.webp,1548415516_Artboard_5.webp,1548415515_Artboard_1.webp",
            "sticker_url": "https://api.wastickerapp.co/images/stickers/thumb/",
            "collage_image_url": "https://api.wastickerapp.co/images/collage_image/thumb_700/batmoji_1548415526.png",
            "collage_image_900_url": "https://api.wastickerapp.co/images/collage_image/thumb_900/batmoji_1548415526.png",
            "tray_image_url": "https://api.wastickerapp.co/images/tray_image/thumb/1548415502_Artboard_1.png",
            "zip_url": "https://api.wastickerapp.co/images/stickers/zip/209.zip"
        },
        {
            "id": 196,
            "title": "Beard Men Emojis",
            "category_id": 3,
            "image": "1547102763_Artboard_6.png",
            "collage_image": "beard_men_emojis_1547102908.png",
            "collage_image_height": 1225,
            "collage_image_width": 700,
            "is_premium": 0,
            "priority": 18,
            "downloads": 10896,
            "status": 1,
            "created_at": "2019-01-10 06:49:51",
            "updated_at": "2019-02-27 05:02:28",
            "sticker_images": "1547102902_Artboard_19.webp,1547102902_Artboard_18.webp,1547102902_Artboard_23.webp,1547102902_Artboard_25.webp,1547102902_Artboard_24.webp,1547102902_Artboard_20.webp,1547102902_Artboard_22.webp,1547102902_Artboard_21.webp,1547102901_Artboard_11.webp,1547102901_Artboard_17.webp,1547102901_Artboard_14.webp,1547102901_Artboard_10.webp,1547102901_Artboard_13.webp,1547102901_Artboard_16.webp,1547102901_Artboard_15.webp,1547102901_Artboard_12.webp,1547102901_Artboard_9.webp,1547102901_Artboard_8.webp,1547102901_Artboard_7.webp,1547102901_Artboard_6.webp,1547102901_Artboard_3.webp,1547102900_Artboard_4.webp,1547102900_Artboard_5.webp,1547102900_Artboard_2.webp,1547102900_Artboard_1.webp",
            "sticker_url": "https://api.wastickerapp.co/images/stickers/thumb/",
            "collage_image_url": "https://api.wastickerapp.co/images/collage_image/thumb_700/beard_men_emojis_1547102908.png",
            "collage_image_900_url": "https://api.wastickerapp.co/images/collage_image/thumb_900/beard_men_emojis_1547102908.png",
            "tray_image_url": "https://api.wastickerapp.co/images/tray_image/thumb/1547102763_Artboard_6.png",
            "zip_url": "https://api.wastickerapp.co/images/stickers/zip/196.zip"
        },
        {
            "id": 49,
            "title": "Big Emoji",
            "category_id": 3,
            "image": "1542605628_tray.png",
            "collage_image": "49_141545026748.png",
            "collage_image_height": 1225,
            "collage_image_width": 700,
            "is_premium": 0,
            "priority": 55,
            "downloads": 3329,
            "status": 1,
            "created_at": "2018-11-19 05:34:04",
            "updated_at": "2019-02-27 01:20:46",
            "sticker_images": "1542605638_25.webp,1542605638_24.webp,1542605638_23.webp,1542605638_22.webp,1542605638_21.webp,1542605638_20.webp,1542605638_15.webp,1542605638_19.webp,1542605638_18.webp,1542605637_13.webp,1542605637_12.webp,1542605637_10.webp,1542605638_17.webp,1542605637_11.webp,1542605638_16.webp,1542605637_8.webp,1542605637_14.webp,1542605637_9.webp,1542605637_7.webp,1542605637_4.webp,1542605637_6.webp,1542605637_3.webp,1542605637_5.webp,1542605637_1.webp,1542605636_2.webp",
            "sticker_url": "https://api.wastickerapp.co/images/stickers/thumb/",
            "collage_image_url": "https://api.wastickerapp.co/images/collage_image/thumb_700/49_141545026748.png",
            "collage_image_900_url": "https://api.wastickerapp.co/images/collage_image/thumb_900/49_141545026748.png",
            "tray_image_url": "https://api.wastickerapp.co/images/tray_image/thumb/1542605628_tray.png",
            "zip_url": "https://api.wastickerapp.co/images/stickers/zip/49.zip"
        },
        {
            "id": 178,
            "title": "Black Emojis",
            "category_id": 3,
            "image": "1546003012_Artboard_16.png",
            "collage_image": "black_emojis_1546003037.png",
            "collage_image_height": 1400,
            "collage_image_width": 700,
            "is_premium": 0,
            "priority": 25,
            "downloads": 9724,
            "status": 1,
            "created_at": "2018-12-28 13:25:16",
            "updated_at": "2019-02-27 04:35:57",
            "sticker_images": "1546003028_Artboard_30.webp,1546003028_Artboard_29.webp,1546003028_Artboard_28.webp,1546003028_Artboard_27.webp,1546003028_Artboard_26.webp,1546003028_Artboard_25.webp,1546003028_Artboard_24.webp,1546003028_Artboard_23.webp,1546003028_Artboard_22.webp,1546003028_Artboard_21.webp,1546003028_Artboard_15.webp,1546003028_Artboard_20.webp,1546003028_Artboard_19.webp,1546003027_Artboard_18.webp,1546003027_Artboard_16.webp,1546003027_Artboard_17.webp,1546003027_Artboard_14.webp,1546003027_Artboard_13.webp,1546003027_Artboard_12.webp,1546003027_Artboard_11.webp,1546003027_Artboard_4.webp,1546003027_Artboard_6.webp,1546003027_Artboard_8.webp,1546003027_Artboard_7.webp,1546003027_Artboard_10.webp,1546003027_Artboard_9.webp,1546003026_Artboard_5.webp,1546003026_Artboard_3.webp,1546003026_Artboard_2.webp,1546003026_Artboard_1.webp",
            "sticker_url": "https://api.wastickerapp.co/images/stickers/thumb/",
            "collage_image_url": "https://api.wastickerapp.co/images/collage_image/thumb_700/black_emojis_1546003037.png",
            "collage_image_900_url": "https://api.wastickerapp.co/images/collage_image/thumb_900/black_emojis_1546003037.png",
            "tray_image_url": "https://api.wastickerapp.co/images/tray_image/thumb/1546003012_Artboard_16.png",
            "zip_url": "https://api.wastickerapp.co/images/stickers/zip/178.zip"
        },
        {
            "id": 179,
            "title": "Blue Emojis",
            "category_id": 3,
            "image": "1546003098_Artboard_17.png",
            "collage_image": "blue_emojis_1546003137.png",
            "collage_image_height": 1400,
            "collage_image_width": 700,
            "is_premium": 0,
            "priority": 27,
            "downloads": 6212,
            "status": 1,
            "created_at": "2018-12-28 13:25:16",
            "updated_at": "2019-02-27 04:20:34",
            "sticker_images": "1546003130_Artboard_28.webp,1546003130_Artboard_30.webp,1546003130_Artboard_29.webp,1546003130_Artboard_25.webp,1546003129_Artboard_27.webp,1546003129_Artboard_22.webp,1546003129_Artboard_26.webp,1546003129_Artboard_21.webp,1546003128_Artboard_11.webp,1546003129_Artboard_24.webp,1546003129_Artboard_23.webp,1546003129_Artboard_16.webp,1546003129_Artboard_19.webp,1546003129_Artboard_20.webp,1546003129_Artboard_18.webp,1546003129_Artboard_17.webp,1546003128_Artboard_15.webp,1546003128_Artboard_13.webp,1546003128_Artboard_14.webp,1546003128_Artboard_12.webp,1546003128_Artboard_10.webp,1546003128_Artboard_9.webp,1546003128_Artboard_7.webp,1546003128_Artboard_2.webp,1546003128_Artboard_6.webp,1546003128_Artboard_5.webp,1546003128_Artboard_3.webp,1546003128_Artboard_8.webp,1546003127_Artboard_4.webp,1546003127_Artboard_1.webp",
            "sticker_url": "https://api.wastickerapp.co/images/stickers/thumb/",
            "collage_image_url": "https://api.wastickerapp.co/images/collage_image/thumb_700/blue_emojis_1546003137.png",
            "collage_image_900_url": "https://api.wastickerapp.co/images/collage_image/thumb_900/blue_emojis_1546003137.png",
            "tray_image_url": "https://api.wastickerapp.co/images/tray_image/thumb/1546003098_Artboard_17.png",
            "zip_url": "https://api.wastickerapp.co/images/stickers/zip/179.zip"
        },
        {
            "id": 189,
            "title": "Bollywood Dialogues",
            "category_id": 2,
            "image": "1546579255_Artboard_9.png",
            "collage_image": "bollywood_dialogues_1546579292.png",
            "collage_image_height": 1225,
            "collage_image_width": 700,
            "is_premium": 0,
            "priority": 22,
            "downloads": 57689,
            "status": 1,
            "created_at": "2019-01-04 05:23:14",
            "updated_at": "2019-02-27 05:14:18",
            "sticker_images": "1546579279_Artboard_30.webp,1546579278_Artboard_29.webp,1546579278_Artboard_28.webp,1546579278_Artboard_27.webp,1546579278_Artboard_26.webp,1546579278_Artboard_23.webp,1546579278_Artboard_22.webp,1546579278_Artboard_25.webp,1546579278_Artboard_24.webp,1546579278_Artboard_21.webp,1546579278_Artboard_20.webp,1546579278_Artboard_19.webp,1546579278_Artboard_17.webp,1546579278_Artboard_16.webp,1546579278_Artboard_15.webp,1546579278_Artboard_14.webp,1546579278_Artboard_13.webp,1546579278_Artboard_18.webp,1546579277_Artboard_12.webp,1546579277_Artboard_10.webp,1546579277_Artboard_8.webp,1546579277_Artboard_6.webp,1546579277_Artboard_5.webp,1546579277_Artboard_4.webp,1546579277_Artboard_11.webp,1546579277_Artboard_9.webp,1546579277_Artboard_3.webp",
            "sticker_url": "https://api.wastickerapp.co/images/stickers/thumb/",
            "collage_image_url": "https://api.wastickerapp.co/images/collage_image/thumb_700/bollywood_dialogues_1546579292.png",
            "collage_image_900_url": "https://api.wastickerapp.co/images/collage_image/thumb_900/bollywood_dialogues_1546579292.png",
            "tray_image_url": "https://api.wastickerapp.co/images/tray_image/thumb/1546579255_Artboard_9.png",
            "zip_url": "https://api.wastickerapp.co/images/stickers/zip/189.zip"
        },
        {
            "id": 113,
            "title": "Bouquet",
            "category_id": 14,
            "image": "1543060587_ce2_1.png",
            "collage_image": "113_131545027950.png",
            "collage_image_height": 1050,
            "collage_image_width": 700,
            "is_premium": 0,
            "priority": 66,
            "downloads": 54799,
            "status": 1,
            "created_at": "2018-11-24 12:09:28",
            "updated_at": "2019-02-27 05:10:19",
            "sticker_images": "1543060583_ce2_8.webp,1543060581_ce2_4.webp,1543060581_ce2_7.webp,1543060580_ce2_5.webp,1543060580_ce2_10.webp,1543060510_ce1_15.webp,1543060510_ce1_12.webp,1543060509_ce1_1.webp,1543060509_ce1_10.webp,1543060509_ce1_13.webp,1543060509_ce1_14.webp,1543060509_ce1_18.webp,1543060509_ce1_20.webp,1543060509_ce1_19.webp,1543060509_ce1_2.webp,1543060509_ce1_22.webp,1543060509_ce1_24.webp,1543060509_ce1_21.webp,1543060509_ce1_29.webp,1543060509_ce1_5.webp,1543060508_ce1_4.webp,1543060508_ce1_6.webp,1543060508_ce1_3.webp",
            "sticker_url": "https://api.wastickerapp.co/images/stickers/thumb/",
            "collage_image_url": "https://api.wastickerapp.co/images/collage_image/thumb_700/113_131545027950.png",
            "collage_image_900_url": "https://api.wastickerapp.co/images/collage_image/thumb_900/113_131545027950.png",
            "tray_image_url": "https://api.wastickerapp.co/images/tray_image/thumb/1543060587_ce2_1.png",
            "zip_url": "https://api.wastickerapp.co/images/stickers/zip/113.zip"
        },
        {
            "id": 216,
            "title": "Chit Chat",
            "category_id": 2,
            "image": "1549539350_Artboard_4.png",
            "collage_image": "chit_chat_1549539371.png",
            "collage_image_height": 1400,
            "collage_image_width": 700,
            "is_premium": 0,
            "priority": 4,
            "downloads": 40068,
            "status": 1,
            "created_at": "2019-02-07 11:36:16",
            "updated_at": "2019-02-27 05:19:21",
            "sticker_images": "1549539366_Artboard_29.webp,1549539366_Artboard_30.webp,1549539366_Artboard_28.webp,1549539366_Artboard_25.webp,1549539366_Artboard_27.webp,1549539366_Artboard_23.webp,1549539366_Artboard_26.webp,1549539366_Artboard_22.webp,1549539366_Artboard_20.webp,1549539365_Artboard_24.webp,1549539365_Artboard_21.webp,1549539365_Artboard_19.webp,1549539365_Artboard_18.webp,1549539365_Artboard_17.webp,1549539365_Artboard_13.webp,1549539365_Artboard_16.webp,1549539365_Artboard_15.webp,1549539365_Artboard_14.webp,1549539365_Artboard_11.webp,1549539365_Artboard_10.webp,1549539365_Artboard_9.webp,1549539365_Artboard_4.webp,1549539365_Artboard_12.webp,1549539365_Artboard_5.webp,1549539364_Artboard_8.webp,1549539364_Artboard_2.webp,1549539364_Artboard_6.webp,1549539364_Artboard_3.webp,1549539364_Artboard_7.webp,1549539364_Artboard_1.webp",
            "sticker_url": "https://api.wastickerapp.co/images/stickers/thumb/",
            "collage_image_url": "https://api.wastickerapp.co/images/collage_image/thumb_700/chit_chat_1549539371.png",
            "collage_image_900_url": "https://api.wastickerapp.co/images/collage_image/thumb_900/chit_chat_1549539371.png",
            "tray_image_url": "https://api.wastickerapp.co/images/tray_image/thumb/1549539350_Artboard_4.png",
            "zip_url": "https://api.wastickerapp.co/images/stickers/zip/216.zip"
        },
        {
            "id": 202,
            "title": "Chocolate Emojis",
            "category_id": 3,
            "image": "1547880183_Artboard_7.png",
            "collage_image": "chocolate_emojis_1547880219.png",
            "collage_image_height": 1400,
            "collage_image_width": 700,
            "is_premium": 0,
            "priority": 10,
            "downloads": 10445,
            "status": 1,
            "created_at": "2019-01-19 06:51:07",
            "updated_at": "2019-02-27 05:13:27",
            "sticker_images": "1547880197_Artboard_26.webp,1547880197_Artboard_25.webp,1547880197_Artboard_27.webp,1547880197_Artboard_30.webp,1547880197_Artboard_28.webp,1547880197_Artboard_29.webp,1547880197_Artboard_24.webp,1547880197_Artboard_23.webp,1547880197_Artboard_22.webp,1547880196_Artboard_20.webp,1547880196_Artboard_21.webp,1547880196_Artboard_19.webp,1547880196_Artboard_18.webp,1547880196_Artboard_17.webp,1547880196_Artboard_16.webp,1547880196_Artboard_13.webp,1547880196_Artboard_15.webp,1547880196_Artboard_12.webp,1547880196_Artboard_14.webp,1547880196_Artboard_10.webp,1547880196_Artboard_11.webp,1547880196_Artboard_9.webp,1547880196_Artboard_8.webp,1547880196_Artboard_6.webp,1547880196_Artboard_4.webp,1547880196_Artboard_7.webp,1547880196_Artboard_3.webp,1547880196_Artboard_5.webp,1547880196_Artboard_2.webp,1547880195_Artboard_1.webp",
            "sticker_url": "https://api.wastickerapp.co/images/stickers/thumb/",
            "collage_image_url": "https://api.wastickerapp.co/images/collage_image/thumb_700/chocolate_emojis_1547880219.png",
            "collage_image_900_url": "https://api.wastickerapp.co/images/collage_image/thumb_900/chocolate_emojis_1547880219.png",
            "tray_image_url": "https://api.wastickerapp.co/images/tray_image/thumb/1547880183_Artboard_7.png",
            "zip_url": "https://api.wastickerapp.co/images/stickers/zip/202.zip"
        },
        {
            "id": 168,
            "title": "Christmas Tree",
            "category_id": 9,
            "image": "1545380005_tray_icon.png",
            "collage_image": "christmas_tree_1545380019.png",
            "collage_image_height": 1050,
            "collage_image_width": 700,
            "is_premium": 0,
            "priority": 73,
            "downloads": 2124,
            "status": 1,
            "created_at": "2018-12-21 08:15:03",
            "updated_at": "2019-02-27 03:16:07",
            "sticker_images": "1545380013_12.webp,1545380013_1.webp,1545380013_13.webp,1545380013_10.webp,1545380013_11.webp,1545380013_14.webp,1545380013_15.webp,1545380013_18.webp,1545380013_17.webp,1545380012_16.webp,1545380012_21.webp,1545380012_19.webp,1545380012_20.webp,1545380012_22.webp,1545380012_23.webp,1545380012_24.webp,1545380012_25.webp,1545380012_3.webp,1545380011_8.webp,1545380012_4.webp,1545380011_6.webp,1545380011_7.webp,1545380011_9.webp,1545380011_5.webp",
            "sticker_url": "https://api.wastickerapp.co/images/stickers/thumb/",
            "collage_image_url": "https://api.wastickerapp.co/images/collage_image/thumb_700/christmas_tree_1545380019.png",
            "collage_image_900_url": "https://api.wastickerapp.co/images/collage_image/thumb_900/christmas_tree_1545380019.png",
            "tray_image_url": "https://api.wastickerapp.co/images/tray_image/thumb/1545380005_tray_icon.png",
            "zip_url": "https://api.wastickerapp.co/images/stickers/zip/168.zip"
        },
        {
            "id": 5,
            "title": "Clash Royale",
            "category_id": 4,
            "image": "1542197598_clash_royale.png",
            "collage_image": "5_81545026168.png",
            "collage_image_height": 1400,
            "collage_image_width": 700,
            "is_premium": 0,
            "priority": 50,
            "downloads": 3857,
            "status": 1,
            "created_at": "2018-11-14 12:14:24",
            "updated_at": "2019-02-27 04:46:57",
            "sticker_images": "1542197620_file_1035343.webp,1542197620_file_1035361.webp,1542197620_file_1035363.webp,1542197619_file_1035332.webp,1542197619_file_1035313.webp,1542197619_file_1035280.webp,1542197619_file_1035279.webp,1542197619_file_1035278.webp,1542197619_file_1035277.webp,1542197619_file_1035276.webp,1542197619_file_1035275.webp,1542197619_file_1035274.webp,1542197619_file_1035273.webp,1542197619_file_1035272.webp,1542197619_file_1035269.webp,1542197619_file_1035270.webp,1542197619_file_1035271.webp,1542197618_file_1035268.webp,1542197618_file_1035267.webp,1542197618_file_1035266.webp,1542197618_file_1035265.webp,1542197618_file_1035264.webp,1542197618_file_1035263.webp,1542197618_file_1035262.webp,1542197618_file_1035261.webp,1542197618_file_1035260.webp,1542197618_file_1035259.webp,1542197618_file_1035257.webp,1542197618_file_1035258.webp,1542197617_file_1035256.webp",
            "sticker_url": "https://api.wastickerapp.co/images/stickers/thumb/",
            "collage_image_url": "https://api.wastickerapp.co/images/collage_image/thumb_700/5_81545026168.png",
            "collage_image_900_url": "https://api.wastickerapp.co/images/collage_image/thumb_900/5_81545026168.png",
            "tray_image_url": "https://api.wastickerapp.co/images/tray_image/thumb/1542197598_clash_royale.png",
            "zip_url": "https://api.wastickerapp.co/images/stickers/zip/5.zip"
        },
        {
            "id": 6,
            "title": "Coffee",
            "category_id": 2,
            "image": "1542197827_01_tray.png",
            "collage_image": "6_30951545026194.png",
            "collage_image_height": 525,
            "collage_image_width": 700,
            "is_premium": 0,
            "priority": 47,
            "downloads": 14106,
            "status": 1,
            "created_at": "2018-11-14 12:17:30",
            "updated_at": "2019-02-27 04:07:01",
            "sticker_images": "1542197841_20.webp,1542197841_19.webp,1542197841_43.webp,1542197841_31.webp,1542197841_17.webp,1542197840_18.webp,1542197840_16.webp,1542197840_15.webp,1542197840_14.webp,1542197840_13.webp",
            "sticker_url": "https://api.wastickerapp.co/images/stickers/thumb/",
            "collage_image_url": "https://api.wastickerapp.co/images/collage_image/thumb_700/6_30951545026194.png",
            "collage_image_900_url": "https://api.wastickerapp.co/images/collage_image/thumb_900/6_30951545026194.png",
            "tray_image_url": "https://api.wastickerapp.co/images/tray_image/thumb/1542197827_01_tray.png",
            "zip_url": "https://api.wastickerapp.co/images/stickers/zip/6.zip"
        },
        {
            "id": 56,
            "title": "Cool Cats",
            "category_id": 10,
            "image": "1542606751_cattray2.png",
            "collage_image": "56_101545026839.png",
            "collage_image_height": 700,
            "collage_image_width": 700,
            "is_premium": 0,
            "priority": 56,
            "downloads": 4859,
            "status": 1,
            "created_at": "2018-11-19 05:52:54",
            "updated_at": "2019-02-27 05:06:11",
            "sticker_images": "1542606769_grump72.webp,1542606769_grump82.webp,1542606769_grump22.webp,1542606769_grump52.webp,1542606768_grump62.webp,1542606768_grump42.webp,1542606768_grump32.webp,1542606768_grump12.webp,1542606757_coolcat82.webp,1542606757_coolcat52.webp,1542606757_coolcat72.webp,1542606757_coolcat32.webp,1542606757_coolcat62.webp,1542606757_coolcat22.webp,1542606757_coolcat42.webp,1542606757_coolcat12.webp",
            "sticker_url": "https://api.wastickerapp.co/images/stickers/thumb/",
            "collage_image_url": "https://api.wastickerapp.co/images/collage_image/thumb_700/56_101545026839.png",
            "collage_image_900_url": "https://api.wastickerapp.co/images/collage_image/thumb_900/56_101545026839.png",
            "tray_image_url": "https://api.wastickerapp.co/images/tray_image/thumb/1542606751_cattray2.png",
            "zip_url": "https://api.wastickerapp.co/images/stickers/zip/56.zip"
        },
        {
            "id": 154,
            "title": "Couple Love",
            "category_id": 1,
            "image": "1544445902_Artboard_25_copy_5.png",
            "collage_image": "154_1681545028757.png",
            "collage_image_height": 1400,
            "collage_image_width": 700,
            "is_premium": 0,
            "priority": 6,
            "downloads": 127618,
            "status": 1,
            "created_at": "2018-12-10 12:45:52",
            "updated_at": "2019-02-27 05:19:11",
            "sticker_images": "1544445919_Artboard_25.webp,1544445919_Artboard_25_copy.webp,1544445919_Artboard_25_copy_5.webp,1544445918_Artboard_25_copy_4.webp,1544445918_Artboard_25_copy_3.webp,1544445918_Artboard_25_copy_2.webp,1544445918_Artboard_24.webp,1544445918_Artboard_23.webp,1544445918_Artboard_22.webp,1544445918_Artboard_17.webp,1544445918_Artboard_21.webp,1544445918_Artboard_20.webp,1544445918_Artboard_19.webp,1544445918_Artboard_18.webp,1544445918_Artboard_15.webp,1544445918_Artboard_16.webp,1544445918_Artboard_13.webp,1544445918_Artboard_11.webp,1544445918_Artboard_12.webp,1544445918_Artboard_10.webp,1544445918_Artboard_14.webp,1544445918_Artboard_2.webp,1544445917_Artboard_9.webp,1544445917_Artboard_7.webp,1544445917_Artboard_6.webp,1544445917_Artboard_3.webp,1544445917_Artboard_4.webp,1544445917_Artboard_8.webp,1544445917_Artboard_5.webp,1544445917_Artboard_1.webp",
            "sticker_url": "https://api.wastickerapp.co/images/stickers/thumb/",
            "collage_image_url": "https://api.wastickerapp.co/images/collage_image/thumb_700/154_1681545028757.png",
            "collage_image_900_url": "https://api.wastickerapp.co/images/collage_image/thumb_900/154_1681545028757.png",
            "tray_image_url": "https://api.wastickerapp.co/images/tray_image/thumb/1544445902_Artboard_25_copy_5.png",
            "zip_url": "https://api.wastickerapp.co/images/stickers/zip/154.zip"
        },
        {
            "id": 88,
            "title": "Crackers",
            "category_id": 17,
            "image": "1542694267_1.png",
            "collage_image": "88_2131545027491.png",
            "collage_image_height": 875,
            "collage_image_width": 700,
            "is_premium": 0,
            "priority": 63,
            "downloads": 7283,
            "status": 1,
            "created_at": "2018-11-20 06:11:46",
            "updated_at": "2019-02-27 05:02:41",
            "sticker_images": "1542694299_17.webp,1542694287_16.webp,1542694272_7.webp,1542694286_12.webp,1542694284_14.webp,1542694283_19.webp,1542694282_18.webp,1542694279_15.webp,1542694272_1.webp,1542694272_11.webp,1542694272_9.webp,1542694272_13.webp,1542694272_10.webp,1542694271_8.webp,1542694271_6.webp,1542694271_5.webp,1542694271_4.webp,1542694271_2.webp,1542694271_3.webp",
            "sticker_url": "https://api.wastickerapp.co/images/stickers/thumb/",
            "collage_image_url": "https://api.wastickerapp.co/images/collage_image/thumb_700/88_2131545027491.png",
            "collage_image_900_url": "https://api.wastickerapp.co/images/collage_image/thumb_900/88_2131545027491.png",
            "tray_image_url": "https://api.wastickerapp.co/images/tray_image/thumb/1542694267_1.png",
            "zip_url": "https://api.wastickerapp.co/images/stickers/zip/88.zip"
        },
        {
            "id": 114,
            "title": "Cute Emoji",
            "category_id": 3,
            "image": "1543060799_em_1.png",
            "collage_image": "114_01545027976.png",
            "collage_image_height": 1225,
            "collage_image_width": 700,
            "is_premium": 0,
            "priority": 67,
            "downloads": 10399,
            "status": 1,
            "created_at": "2018-11-24 12:09:29",
            "updated_at": "2019-02-27 05:00:37",
            "sticker_images": "1543060807_em_12.webp,1543060806_em_10.webp,1543060806_em_1.webp,1543060806_em_11.webp,1543060806_em_13.webp,1543060806_em_14.webp,1543060806_em_18.webp,1543060806_em_15.webp,1543060806_em_16.webp,1543060805_em_17.webp,1543060805_em_21.webp,1543060805_em_19.webp,1543060805_em_2.webp,1543060804_em_25.webp,1543060805_em_22.webp,1543060804_em_29.webp,1543060804_em_26.webp,1543060805_em_23.webp,1543060805_em_24.webp,1543060804_em_3.webp,1543060804_em_4.webp,1543060804_em_7.webp,1543060804_em_9.webp,1543060804_em_8.webp,1543060804_em_5.webp,1543060804_em_6.webp",
            "sticker_url": "https://api.wastickerapp.co/images/stickers/thumb/",
            "collage_image_url": "https://api.wastickerapp.co/images/collage_image/thumb_700/114_01545027976.png",
            "collage_image_900_url": "https://api.wastickerapp.co/images/collage_image/thumb_900/114_01545027976.png",
            "tray_image_url": "https://api.wastickerapp.co/images/tray_image/thumb/1543060799_em_1.png",
            "zip_url": "https://api.wastickerapp.co/images/stickers/zip/114.zip"
        },
        {
            "id": 208,
            "title": "Daily talk hindi",
            "category_id": 2,
            "image": "1548395657_Artboard_20.png",
            "collage_image": "daily_toke_hindi_1548395765.png",
            "collage_image_height": 1400,
            "collage_image_width": 700,
            "is_premium": 0,
            "priority": 14,
            "downloads": 48275,
            "status": 1,
            "created_at": "2019-01-25 05:56:55",
            "updated_at": "2019-02-27 05:15:13",
            "sticker_images": "1548395684_Artboard_18.webp,1548395684_Artboard_30.webp,1548395684_Artboard_29.webp,1548395684_Artboard_28.webp,1548395684_Artboard_27.webp,1548395683_Artboard_23.webp,1548395683_Artboard_26.webp,1548395683_Artboard_25.webp,1548395683_Artboard_24.webp,1548395683_Artboard_21.webp,1548395683_Artboard_22.webp,1548395683_Artboard_20.webp,1548395683_Artboard_19.webp,1548395683_Artboard_17.webp,1548395683_Artboard_16.webp,1548395683_Artboard_12.webp,1548395683_Artboard_14.webp,1548395683_Artboard_13.webp,1548395683_Artboard_15.webp,1548395683_Artboard_11.webp,1548395682_Artboard_10.webp,1548395682_Artboard_4.webp,1548395682_Artboard_5.webp,1548395682_Artboard_6.webp,1548395682_Artboard_3.webp,1548395682_Artboard_2.webp,1548395682_Artboard_9.webp,1548395682_Artboard_8.webp,1548395682_Artboard_7.webp,1548395681_Artboard_1.webp",
            "sticker_url": "https://api.wastickerapp.co/images/stickers/thumb/",
            "collage_image_url": "https://api.wastickerapp.co/images/collage_image/thumb_700/daily_toke_hindi_1548395765.png",
            "collage_image_900_url": "https://api.wastickerapp.co/images/collage_image/thumb_900/daily_toke_hindi_1548395765.png",
            "tray_image_url": "https://api.wastickerapp.co/images/tray_image/thumb/1548395657_Artboard_20.png",
            "zip_url": "https://api.wastickerapp.co/images/stickers/zip/208.zip"
        },
        {
            "id": 74,
            "title": "Dogs",
            "category_id": 10,
            "image": "1542639707_tray.png",
            "collage_image": "74_01545027212.png",
            "collage_image_height": 1400,
            "collage_image_width": 700,
            "is_premium": 0,
            "priority": 61,
            "downloads": 4009,
            "status": 1,
            "created_at": "2018-11-19 15:01:59",
            "updated_at": "2019-02-27 05:03:28",
            "sticker_images": "1542639715_28.webp,1542639715_29.webp,1542639715_27.webp,1542639715_30.webp,1542639715_21.webp,1542639715_26.webp,1542639715_25.webp,1542639715_20.webp,1542639715_13.webp,1542639714_24.webp,1542639714_23.webp,1542639714_22.webp,1542639714_19.webp,1542639714_16.webp,1542639714_17.webp,1542639714_11.webp,1542639714_18.webp,1542639714_14.webp,1542639714_15.webp,1542639714_9.webp,1542639714_10.webp,1542639713_7.webp,1542639713_8.webp,1542639713_12.webp,1542639712_3.webp,1542639712_2.webp,1542639712_5.webp,1542639712_6.webp,1542639712_4.webp,1542639712_1.webp",
            "sticker_url": "https://api.wastickerapp.co/images/stickers/thumb/",
            "collage_image_url": "https://api.wastickerapp.co/images/collage_image/thumb_700/74_01545027212.png",
            "collage_image_900_url": "https://api.wastickerapp.co/images/collage_image/thumb_900/74_01545027212.png",
            "tray_image_url": "https://api.wastickerapp.co/images/tray_image/thumb/1542639707_tray.png",
            "zip_url": "https://api.wastickerapp.co/images/stickers/zip/74.zip"
        },
        {
            "id": 58,
            "title": "Donald Trump",
            "category_id": 20,
            "image": "1542607059_7_96.png",
            "collage_image": "58_2531545026878.png",
            "collage_image_height": 1050,
            "collage_image_width": 700,
            "is_premium": 0,
            "priority": 57,
            "downloads": 3050,
            "status": 1,
            "created_at": "2018-11-19 05:57:59",
            "updated_at": "2019-02-27 05:15:29",
            "sticker_images": "1542607069_23.webp,1542607069_22.webp,1542607069_21.webp,1542607067_17.webp,1542607067_20.webp,1542607067_19.webp,1542607065_15.webp,1542607065_14.webp,1542607067_18.webp,1542607065_16.webp,1542607065_11.webp,1542607065_12.webp,1542607065_10.webp,1542607065_5.webp,1542607065_9.webp,1542607065_8.webp,1542607065_7.webp,1542607065_4.webp,1542607065_6.webp,1542607065_3.webp,1542607065_2.webp,1542607064_1.webp",
            "sticker_url": "https://api.wastickerapp.co/images/stickers/thumb/",
            "collage_image_url": "https://api.wastickerapp.co/images/collage_image/thumb_700/58_2531545026878.png",
            "collage_image_900_url": "https://api.wastickerapp.co/images/collage_image/thumb_900/58_2531545026878.png",
            "tray_image_url": "https://api.wastickerapp.co/images/tray_image/thumb/1542607059_7_96.png",
            "zip_url": "https://api.wastickerapp.co/images/stickers/zip/58.zip"
        },
        {
            "id": 164,
            "title": "Emoji 1",
            "category_id": 3,
            "image": "1545378664_tray_Bigmoji.png",
            "collage_image": "emoji_1_1545378688.png",
            "collage_image_height": 1400,
            "collage_image_width": 700,
            "is_premium": 0,
            "priority": 40,
            "downloads": 19268,
            "status": 1,
            "created_at": "2018-12-21 07:59:50",
            "updated_at": "2019-02-27 05:17:02",
            "sticker_images": "1545378678_emojis11.webp,1545378678_emojis12.webp,1545378678_emojis13.webp,1545378678_emojis.webp,1545378678_emojis10.webp,1545378677_emojis14.webp,1545378677_emojis15.webp,1545378677_emojis16.webp,1545378677_emojis17.webp,1545378677_emojis18.webp,1545378677_emojis19.webp,1545378677_emojis2.webp,1545378677_emojis20.webp,1545378677_emojis21.webp,1545378677_emojis22.webp,1545378677_emojis23.webp,1545378677_emojis24.webp,1545378677_emojis26.webp,1545378677_emojis25.webp,1545378677_emojis29.webp,1545378677_emojis28.webp,1545378677_emojis27.webp,1545378677_emojis3.webp,1545378676_emojis30.webp,1545378676_emojis5.webp,1545378676_emojis6.webp,1545378676_emojis4.webp,1545378676_emojis8.webp,1545378676_emojis7.webp,1545378676_emojis9.webp",
            "sticker_url": "https://api.wastickerapp.co/images/stickers/thumb/",
            "collage_image_url": "https://api.wastickerapp.co/images/collage_image/thumb_700/emoji_1_1545378688.png",
            "collage_image_900_url": "https://api.wastickerapp.co/images/collage_image/thumb_900/emoji_1_1545378688.png",
            "tray_image_url": "https://api.wastickerapp.co/images/tray_image/thumb/1545378664_tray_Bigmoji.png",
            "zip_url": "https://api.wastickerapp.co/images/stickers/zip/164.zip"
        },
        {
            "id": 165,
            "title": "Emoji 2",
            "category_id": 3,
            "image": "1545378744_tray_Bigmoji.png",
            "collage_image": "emoji_2_1545378763.png",
            "collage_image_height": 1400,
            "collage_image_width": 700,
            "is_premium": 0,
            "priority": 41,
            "downloads": 9128,
            "status": 1,
            "created_at": "2018-12-21 07:59:50",
            "updated_at": "2019-02-27 05:07:27",
            "sticker_images": "1545378754_emojis35.webp,1545378755_emojis31.webp,1545378754_emojis37.webp,1545378754_emojis32.webp,1545378754_emojis34.webp,1545378754_emojis33.webp,1545378754_emojis38.webp,1545378754_emojis36.webp,1545378754_emojis39.webp,1545378753_emojis41.webp,1545378752_emojis49.webp,1545378752_emojis47.webp,1545378752_emojis48.webp,1545378753_emojis40.webp,1545378753_emojis42.webp,1545378753_emojis43.webp,1545378753_emojis44.webp,1545378753_emojis45.webp,1545378752_emojis46.webp,1545378752_emojis50.webp,1545378751_emojis52.webp,1545378751_emojis51.webp,1545378751_emojis53.webp,1545378751_emojis54.webp,1545378751_emojis56.webp,1545378751_emojis57.webp,1545378751_emojis55.webp,1545378751_emojis58.webp,1545378751_emojis59.webp,1545378750_emojis60.webp",
            "sticker_url": "https://api.wastickerapp.co/images/stickers/thumb/",
            "collage_image_url": "https://api.wastickerapp.co/images/collage_image/thumb_700/emoji_2_1545378763.png",
            "collage_image_900_url": "https://api.wastickerapp.co/images/collage_image/thumb_900/emoji_2_1545378763.png",
            "tray_image_url": "https://api.wastickerapp.co/images/tray_image/thumb/1545378744_tray_Bigmoji.png",
            "zip_url": "https://api.wastickerapp.co/images/stickers/zip/165.zip"
        },
        {
            "id": 166,
            "title": "Emoji 3",
            "category_id": 3,
            "image": "1545378798_tray_Bigmoji.png",
            "collage_image": "emoji_3_1545378809.png",
            "collage_image_height": 1400,
            "collage_image_width": 700,
            "is_premium": 0,
            "priority": 42,
            "downloads": 7435,
            "status": 1,
            "created_at": "2018-12-21 07:59:50",
            "updated_at": "2019-02-27 05:14:33",
            "sticker_images": "1545378804_emojis66.webp,1545378804_emojis61.webp,1545378804_emojis62.webp,1545378804_emojis63.webp,1545378804_emojis64.webp,1545378804_emojis65.webp,1545378804_emojis67.webp,1545378804_emojis69.webp,1545378804_emojis68.webp,1545378804_emojis70.webp,1545378804_emojis71.webp,1545378804_emojis72.webp,1545378803_emojis76.webp,1545378803_emojis77.webp,1545378803_emojis78.webp,1545378803_emojis73.webp,1545378803_emojis74.webp,1545378803_emojis75.webp,1545378803_emojis79.webp,1545378803_emojis80.webp,1545378803_emojis81.webp,1545378803_emojis82.webp,1545378803_emojis83.webp,1545378803_emojis84.webp,1545378803_emojis85.webp,1545378803_emojis86.webp,1545378803_emojis87.webp,1545378803_emojis88.webp,1545378803_emojis89.webp,1545378803_emojis90.webp",
            "sticker_url": "https://api.wastickerapp.co/images/stickers/thumb/",
            "collage_image_url": "https://api.wastickerapp.co/images/collage_image/thumb_700/emoji_3_1545378809.png",
            "collage_image_900_url": "https://api.wastickerapp.co/images/collage_image/thumb_900/emoji_3_1545378809.png",
            "tray_image_url": "https://api.wastickerapp.co/images/tray_image/thumb/1545378798_tray_Bigmoji.png",
            "zip_url": "https://api.wastickerapp.co/images/stickers/zip/166.zip"
        },
        {
            "id": 11,
            "title": "Fortnite",
            "category_id": 4,
            "image": "1542198046_fornite.png",
            "collage_image": "11_151545026232.png",
            "collage_image_height": 1400,
            "collage_image_width": 700,
            "is_premium": 0,
            "priority": 51,
            "downloads": 5717,
            "status": 1,
            "created_at": "2018-11-14 12:20:59",
            "updated_at": "2019-02-27 05:01:53",
            "sticker_images": "1542198053_fortnitev1n28.webp,1542198053_fortnitev1n30.webp,1542198053_fortnitev1n25.webp,1542198053_fortnitev1n24.webp,1542198053_fortnitev1n29.webp,1542198053_fortnitev1n27.webp,1542198053_fortnitev1n26.webp,1542198053_fortnitev1n19.webp,1542198053_fortnitev1n23.webp,1542198053_fortnitev1n22.webp,1542198053_fortnitev1n21.webp,1542198053_fortnitev1n17.webp,1542198053_fortnitev1n20.webp,1542198052_fortnitev1n18.webp,1542198052_fortnitev1n14.webp,1542198052_fortnitev1n16.webp,1542198052_fortnitev1n13.webp,1542198052_fortnitev1n12.webp,1542198052_fortnitev1n15.webp,1542198052_fortnitev1n10.webp,1542198052_fortnitev1n09.webp,1542198052_fortnitev1n11.webp,1542198052_fortnitev1n08.webp,1542198052_fortnitev1n07.webp,1542198052_fortnitev1n04.webp,1542198052_fortnitev1n06.webp,1542198052_fortnitev1n05.webp,1542198052_fortnitev1n03.webp,1542198052_fortnitev1n01.webp,1542198052_fortnitev1n02.webp",
            "sticker_url": "https://api.wastickerapp.co/images/stickers/thumb/",
            "collage_image_url": "https://api.wastickerapp.co/images/collage_image/thumb_700/11_151545026232.png",
            "collage_image_900_url": "https://api.wastickerapp.co/images/collage_image/thumb_900/11_151545026232.png",
            "tray_image_url": "https://api.wastickerapp.co/images/tray_image/thumb/1542198046_fornite.png",
            "zip_url": "https://api.wastickerapp.co/images/stickers/zip/11.zip"
        },
        {
            "id": 187,
            "title": "Good Morning",
            "category_id": 2,
            "image": "1546578545_Artboard_11.png",
            "collage_image": "good_morning_1546578626.png",
            "collage_image_height": 1400,
            "collage_image_width": 700,
            "is_premium": 0,
            "priority": 12,
            "downloads": 64329,
            "status": 1,
            "created_at": "2019-01-04 05:23:13",
            "updated_at": "2019-02-27 05:14:47",
            "sticker_images": "1546578601_Artboard_30.webp,1546578601_Artboard_29.webp,1546578601_Artboard_28.webp,1546578601_Artboard_27.webp,1546578601_Artboard_23.webp,1546578601_Artboard_26.webp,1546578601_Artboard_25.webp,1546578601_Artboard_21.webp,1546578601_Artboard_24.webp,1546578601_Artboard_22.webp,1546578601_Artboard_20.webp,1546578601_Artboard_19.webp,1546578601_Artboard_18.webp,1546578601_Artboard_12.webp,1546578601_Artboard_17.webp,1546578601_Artboard_11.webp,1546578601_Artboard_15.webp,1546578600_Artboard_13.webp,1546578600_Artboard_16.webp,1546578600_Artboard_14.webp,1546578600_Artboard_9.webp,1546578600_Artboard_6.webp,1546578600_Artboard_10.webp,1546578600_Artboard_8.webp,1546578600_Artboard_7.webp,1546578600_Artboard_4.webp,1546578600_Artboard_3.webp,1546578600_Artboard_5.webp,1546578600_Artboard_2.webp,1546578599_Artboard_1.webp",
            "sticker_url": "https://api.wastickerapp.co/images/stickers/thumb/",
            "collage_image_url": "https://api.wastickerapp.co/images/collage_image/thumb_700/good_morning_1546578626.png",
            "collage_image_900_url": "https://api.wastickerapp.co/images/collage_image/thumb_900/good_morning_1546578626.png",
            "tray_image_url": "https://api.wastickerapp.co/images/tray_image/thumb/1546578545_Artboard_11.png",
            "zip_url": "https://api.wastickerapp.co/images/stickers/zip/187.zip"
        },
        {
            "id": 183,
            "title": "Good Morning Quotes",
            "category_id": 21,
            "image": "1546347799_Artboard_1.png",
            "collage_image": "good_morning_quotes_1546347820.png",
            "collage_image_height": 1400,
            "collage_image_width": 700,
            "is_premium": 0,
            "priority": 32,
            "downloads": 18167,
            "status": 1,
            "created_at": "2019-01-01 13:12:15",
            "updated_at": "2019-02-27 05:00:35",
            "sticker_images": "1546347811_Artboard_30.webp,1546347811_Artboard_29.webp,1546347811_Artboard_28.webp,1546347811_Artboard_27.webp,1546347811_Artboard_26.webp,1546347811_Artboard_22.webp,1546347811_Artboard_21.webp,1546347811_Artboard_25.webp,1546347811_Artboard_24.webp,1546347811_Artboard_19.webp,1546347811_Artboard_23.webp,1546347811_Artboard_20.webp,1546347811_Artboard_16.webp,1546347811_Artboard_18.webp,1546347811_Artboard_17.webp,1546347811_Artboard_14.webp,1546347811_Artboard_12.webp,1546347811_Artboard_11.webp,1546347811_Artboard_15.webp,1546347810_Artboard_13.webp,1546347810_Artboard_9.webp,1546347810_Artboard_10.webp,1546347810_Artboard_7.webp,1546347810_Artboard_5.webp,1546347810_Artboard_3.webp,1546347810_Artboard_4.webp,1546347810_Artboard_8.webp,1546347810_Artboard_2.webp,1546347810_Artboard_6.webp,1546347809_Artboard_1.webp",
            "sticker_url": "https://api.wastickerapp.co/images/stickers/thumb/",
            "collage_image_url": "https://api.wastickerapp.co/images/collage_image/thumb_700/good_morning_quotes_1546347820.png",
            "collage_image_900_url": "https://api.wastickerapp.co/images/collage_image/thumb_900/good_morning_quotes_1546347820.png",
            "tray_image_url": "https://api.wastickerapp.co/images/tray_image/thumb/1546347799_Artboard_1.png",
            "zip_url": "https://api.wastickerapp.co/images/stickers/zip/183.zip"
        },
        {
            "id": 151,
            "title": "Good Night",
            "category_id": 2,
            "image": "1544276718_Artboard_11.png",
            "collage_image": "151_151545028692.png",
            "collage_image_height": 1225,
            "collage_image_width": 700,
            "is_premium": 0,
            "priority": 43,
            "downloads": 15688,
            "status": 1,
            "created_at": "2018-12-08 13:45:52",
            "updated_at": "2019-02-27 04:47:56",
            "sticker_images": "1544276728_Artboard_30.webp,1544276728_Artboard_29.webp,1544276728_Artboard_28.webp,1544276728_Artboard_27.webp,1544276728_Artboard_26.webp,1544276728_Artboard_24.webp,1544276728_Artboard_19.webp,1544276727_Artboard_18.webp,1544276727_Artboard_23.webp,1544276727_Artboard_21.webp,1544276727_Artboard_22.webp,1544276727_Artboard_20.webp,1544276727_Artboard_16.webp,1544276727_Artboard_17.webp,1544276727_Artboard_13.webp,1544276727_Artboard_12.webp,1544276727_Artboard_11.webp,1544276727_Artboard_10.webp,1544276727_Artboard_15.webp,1544276727_Artboard_5.webp,1544276727_Artboard_6.webp,1544276727_Artboard_7.webp,1544276727_Artboard_3.webp,1544276727_Artboard_2.webp,1544276727_Artboard_9.webp,1544276726_Artboard_8.webp,1544276726_Artboard_4.webp,1544276726_Artboard_1.webp",
            "sticker_url": "https://api.wastickerapp.co/images/stickers/thumb/",
            "collage_image_url": "https://api.wastickerapp.co/images/collage_image/thumb_700/151_151545028692.png",
            "collage_image_900_url": "https://api.wastickerapp.co/images/collage_image/thumb_900/151_151545028692.png",
            "tray_image_url": "https://api.wastickerapp.co/images/tray_image/thumb/1544276718_Artboard_11.png",
            "zip_url": "https://api.wastickerapp.co/images/stickers/zip/151.zip"
        },
        {
            "id": 188,
            "title": "Good Night 2",
            "category_id": 2,
            "image": "1546579059_Artboard_11.png",
            "collage_image": "good_night1_1546579090.png",
            "collage_image_height": 1400,
            "collage_image_width": 700,
            "is_premium": 0,
            "priority": 13,
            "downloads": 47835,
            "status": 1,
            "created_at": "2019-01-04 05:23:14",
            "updated_at": "2019-02-27 05:14:08",
            "sticker_images": "1546579075_Artboard_27.webp,1546579075_Artboard_30.webp,1546579075_Artboard_29.webp,1546579075_Artboard_28.webp,1546579075_Artboard_25.webp,1546579075_Artboard_26.webp,1546579075_Artboard_24.webp,1546579074_Artboard_23.webp,1546579074_Artboard_22.webp,1546579074_Artboard_21.webp,1546579074_Artboard_20.webp,1546579074_Artboard_18.webp,1546579074_Artboard_19.webp,1546579074_Artboard_17.webp,1546579074_Artboard_15.webp,1546579074_Artboard_13.webp,1546579074_Artboard_14.webp,1546579074_Artboard_12.webp,1546579074_Artboard_10.webp,1546579074_Artboard_16.webp,1546579074_Artboard_11.webp,1546579074_Artboard_7.webp,1546579074_Artboard_5.webp,1546579074_Artboard_3.webp,1546579074_Artboard_4.webp,1546579073_Artboard_9.webp,1546579073_Artboard_2.webp,1546579073_Artboard_8.webp,1546579073_Artboard_1.webp",
            "sticker_url": "https://api.wastickerapp.co/images/stickers/thumb/",
            "collage_image_url": "https://api.wastickerapp.co/images/collage_image/thumb_700/good_night1_1546579090.png",
            "collage_image_900_url": "https://api.wastickerapp.co/images/collage_image/thumb_900/good_night1_1546579090.png",
            "tray_image_url": "https://api.wastickerapp.co/images/tray_image/thumb/1546579059_Artboard_11.png",
            "zip_url": "https://api.wastickerapp.co/images/stickers/zip/188.zip"
        },
        {
            "id": 184,
            "title": "Good Night Quotes",
            "category_id": 21,
            "image": "1546347863_Artboard_1.png",
            "collage_image": "good_night_quotes_1546347886.png",
            "collage_image_height": 1225,
            "collage_image_width": 700,
            "is_premium": 0,
            "priority": 33,
            "downloads": 13762,
            "status": 1,
            "created_at": "2019-01-01 13:12:15",
            "updated_at": "2019-02-27 05:18:13",
            "sticker_images": "1546347881_Artboard_24.webp,1546347881_Artboard_25.webp,1546347881_Artboard_23.webp,1546347881_Artboard_22.webp,1546347881_Artboard_17.webp,1546347881_Artboard_21.webp,1546347880_Artboard_20.webp,1546347880_Artboard_18.webp,1546347880_Artboard_19.webp,1546347880_Artboard_15.webp,1546347880_Artboard_16.webp,1546347880_Artboard_13.webp,1546347880_Artboard_12.webp,1546347880_Artboard_11.webp,1546347880_Artboard_10.webp,1546347880_Artboard_14.webp,1546347880_Artboard_5.webp,1546347880_Artboard_9.webp,1546347880_Artboard_7.webp,1546347880_Artboard_4.webp,1546347880_Artboard_3.webp,1546347880_Artboard_2.webp,1546347879_Artboard_8.webp,1546347879_Artboard_6.webp,1546347879_Artboard_1.webp",
            "sticker_url": "https://api.wastickerapp.co/images/stickers/thumb/",
            "collage_image_url": "https://api.wastickerapp.co/images/collage_image/thumb_700/good_night_quotes_1546347886.png",
            "collage_image_900_url": "https://api.wastickerapp.co/images/collage_image/thumb_900/good_night_quotes_1546347886.png",
            "tray_image_url": "https://api.wastickerapp.co/images/tray_image/thumb/1546347863_Artboard_1.png",
            "zip_url": "https://api.wastickerapp.co/images/stickers/zip/184.zip"
        },
        {
            "id": 213,
            "title": "Gujju Boy",
            "category_id": 2,
            "image": "1548911829_Artboard_1.png",
            "collage_image": "daily_talk_gujarati_1548911853.png",
            "collage_image_height": 1400,
            "collage_image_width": 700,
            "is_premium": 0,
            "priority": 15,
            "downloads": 4240,
            "status": 1,
            "created_at": "2019-01-31 05:18:13",
            "updated_at": "2019-02-27 05:17:59",
            "sticker_images": "1548911841_Artboard_29.webp,1548911841_Artboard_30.webp,1548911841_Artboard_26.webp,1548911841_Artboard_27.webp,1548911841_Artboard_28.webp,1548911841_Artboard_25.webp,1548911841_Artboard_23.webp,1548911841_Artboard_22.webp,1548911841_Artboard_24.webp,1548911841_Artboard_21.webp,1548911841_Artboard_19.webp,1548911840_Artboard_18.webp,1548911840_Artboard_20.webp,1548911840_Artboard_17.webp,1548911840_Artboard_15.webp,1548911840_Artboard_10.webp,1548911840_Artboard_16.webp,1548911840_Artboard_13.webp,1548911840_Artboard_12.webp,1548911840_Artboard_11.webp,1548911840_Artboard_14.webp,1548911840_Artboard_3.webp,1548911840_Artboard_9.webp,1548911840_Artboard_7.webp,1548911840_Artboard_6.webp,1548911840_Artboard_2.webp,1548911840_Artboard_4.webp,1548911839_Artboard_8.webp,1548911839_Artboard_5.webp,1548911839_Artboard_1.webp",
            "sticker_url": "https://api.wastickerapp.co/images/stickers/thumb/",
            "collage_image_url": "https://api.wastickerapp.co/images/collage_image/thumb_700/daily_talk_gujarati_1548911853.png",
            "collage_image_900_url": "https://api.wastickerapp.co/images/collage_image/thumb_900/daily_talk_gujarati_1548911853.png",
            "tray_image_url": "https://api.wastickerapp.co/images/tray_image/thumb/1548911829_Artboard_1.png",
            "zip_url": "https://api.wastickerapp.co/images/stickers/zip/213.zip"
        },
        {
            "id": 162,
            "title": "GYM Equipment",
            "category_id": 2,
            "image": "1545202534_Artboard_1.png",
            "collage_image": "gym_stickers_1545202554.png",
            "collage_image_height": 875,
            "collage_image_width": 700,
            "is_premium": 0,
            "priority": 72,
            "downloads": 3170,
            "status": 1,
            "created_at": "2018-12-21 07:59:50",
            "updated_at": "2019-02-27 03:44:11",
            "sticker_images": "1545202547_Artboard_17.webp,1545202547_Artboard_19.webp,1545202547_Artboard_16.webp,1545202547_Artboard_18.webp,1545202547_Artboard_20.webp,1545202547_Artboard_15.webp,1545202547_Artboard_13.webp,1545202547_Artboard_14.webp,1545202547_Artboard_12.webp,1545202547_Artboard_6.webp,1545202547_Artboard_11.webp,1545202547_Artboard_10.webp,1545202546_Artboard_9.webp,1545202546_Artboard_7.webp,1545202546_Artboard_3.webp,1545202546_Artboard_4.webp,1545202546_Artboard_2.webp,1545202546_Artboard_8.webp,1545202546_Artboard_5.webp,1545202546_Artboard_1.webp",
            "sticker_url": "https://api.wastickerapp.co/images/stickers/thumb/",
            "collage_image_url": "https://api.wastickerapp.co/images/collage_image/thumb_700/gym_stickers_1545202554.png",
            "collage_image_900_url": "https://api.wastickerapp.co/images/collage_image/thumb_900/gym_stickers_1545202554.png",
            "tray_image_url": "https://api.wastickerapp.co/images/tray_image/thumb/1545202534_Artboard_1.png",
            "zip_url": "https://api.wastickerapp.co/images/stickers/zip/162.zip"
        },
        {
            "id": 175,
            "title": "Happy Birthday",
            "category_id": 5,
            "image": "1545912276_Artboard_9.png",
            "collage_image": "happy_birthday_1545912328.png",
            "collage_image_height": 1050,
            "collage_image_width": 700,
            "is_premium": 0,
            "priority": 30,
            "downloads": 53670,
            "status": 1,
            "created_at": "2018-12-27 12:12:04",
            "updated_at": "2019-02-27 05:13:59",
            "sticker_images": "1545912303_Artboard_20.webp,1545912303_Artboard_16.webp,1545912303_Artboard_20_copy.webp,1545912303_Artboard_19.webp,1545912303_Artboard_18.webp,1545912303_Artboard_17.webp,1545912303_Artboard_15.webp,1545912303_Artboard_14.webp,1545912303_Artboard_13.webp,1545912302_Artboard_11.webp,1545912302_Artboard_10.webp,1545912302_Artboard_9.webp,1545912302_Artboard_8.webp,1545912302_Artboard_12.webp,1545912302_Artboard_3.webp,1545912302_Artboard_7.webp,1545912302_Artboard_4.webp,1545912302_Artboard_2.webp,1545912302_Artboard_5.webp,1545912302_Artboard_6.webp,1545912301_Artboard_1.webp",
            "sticker_url": "https://api.wastickerapp.co/images/stickers/thumb/",
            "collage_image_url": "https://api.wastickerapp.co/images/collage_image/thumb_700/happy_birthday_1545912328.png",
            "collage_image_900_url": "https://api.wastickerapp.co/images/collage_image/thumb_900/happy_birthday_1545912328.png",
            "tray_image_url": "https://api.wastickerapp.co/images/tray_image/thumb/1545912276_Artboard_9.png",
            "zip_url": "https://api.wastickerapp.co/images/stickers/zip/175.zip"
        },
        {
            "id": 191,
            "title": "Happy Makar Sankranti",
            "category_id": 5,
            "image": "1546608061_Artboard_1.png",
            "collage_image": "happy_makar_sankranti_1546608084.png",
            "collage_image_height": 350,
            "collage_image_width": 700,
            "is_premium": 0,
            "priority": 28,
            "downloads": 33437,
            "status": 1,
            "created_at": "2019-01-04 13:22:13",
            "updated_at": "2019-02-27 05:08:40",
            "sticker_images": "1546608075_Artboard_7.webp,1546608075_Artboard_4.webp,1546608075_Artboard_6.webp,1546608075_Artboard_3.webp,1546608075_Artboard_2.webp,1546608075_Artboard_8.webp,1546608075_Artboard_5.webp,1546608074_Artboard_1.webp",
            "sticker_url": "https://api.wastickerapp.co/images/stickers/thumb/",
            "collage_image_url": "https://api.wastickerapp.co/images/collage_image/thumb_700/happy_makar_sankranti_1546608084.png",
            "collage_image_900_url": "https://api.wastickerapp.co/images/collage_image/thumb_900/happy_makar_sankranti_1546608084.png",
            "tray_image_url": "https://api.wastickerapp.co/images/tray_image/thumb/1546608061_Artboard_1.png",
            "zip_url": "https://api.wastickerapp.co/images/stickers/zip/191.zip"
        },
        {
            "id": 143,
            "title": "Heart Alphabets",
            "category_id": 1,
            "image": "1543936393_trekkers.png",
            "collage_image": "143_151545028551.png",
            "collage_image_height": 1225,
            "collage_image_width": 700,
            "is_premium": 0,
            "priority": 48,
            "downloads": 26909,
            "status": 1,
            "created_at": "2018-12-04 15:14:47",
            "updated_at": "2019-02-27 05:19:07",
            "sticker_images": "1543936409_Artboard_19.webp,1543936409_Artboard_27.webp,1543936409_Artboard_25.webp,1543936409_Artboard_26.webp,1543936409_Artboard_24.webp,1543936409_Artboard_21.webp,1543936409_Artboard_23.webp,1543936409_Artboard_20.webp,1543936409_Artboard_22.webp,1543936409_Artboard_18.webp,1543936409_Artboard_15.webp,1543936409_Artboard_17.webp,1543936409_Artboard_14.webp,1543936409_Artboard_16.webp,1543936409_Artboard_13.webp,1543936409_Artboard_12.webp,1543936408_Artboard_11.webp,1543936408_Artboard_8.webp,1543936408_Artboard_10.webp,1543936408_Artboard_9.webp,1543936408_Artboard_2.webp,1543936408_Artboard_7.webp,1543936408_Artboard_3.webp,1543936408_Artboard_6.webp,1543936408_Artboard_4.webp,1543936408_Artboard_5.webp",
            "sticker_url": "https://api.wastickerapp.co/images/stickers/thumb/",
            "collage_image_url": "https://api.wastickerapp.co/images/collage_image/thumb_700/143_151545028551.png",
            "collage_image_900_url": "https://api.wastickerapp.co/images/collage_image/thumb_900/143_151545028551.png",
            "tray_image_url": "https://api.wastickerapp.co/images/tray_image/thumb/1543936393_trekkers.png",
            "zip_url": "https://api.wastickerapp.co/images/stickers/zip/143.zip"
        },
        {
            "id": 149,
            "title": "Heart Emoji",
            "category_id": 3,
            "image": "1544250680_123.png",
            "collage_image": "149_48411545028660.png",
            "collage_image_height": 1225,
            "collage_image_width": 700,
            "is_premium": 0,
            "priority": 44,
            "downloads": 14447,
            "status": 1,
            "created_at": "2018-12-08 06:32:14",
            "updated_at": "2019-02-27 05:08:29",
            "sticker_images": "1544250697_Artboard_26.webp,1544250697_Artboard_23.webp,1544250697_Artboard_25.webp,1544250697_Artboard_22.webp,1544250695_Artboard_14.webp,1544250695_Artboard_20.webp,1544250697_Artboard_24.webp,1544250695_Artboard_17.webp,1544250695_Artboard_18.webp,1544250695_Artboard_21.webp,1544250695_Artboard_19.webp,1544250695_Artboard_16.webp,1544250695_Artboard_15.webp,1544250695_Artboard_8.webp,1544250695_Artboard_9.webp,1544250695_Artboard_10.webp,1544250694_Artboard_13.webp,1544250694_Artboard_12.webp,1544250694_Artboard_11.webp,1544250694_Artboard_6.webp,1544250694_Artboard_7.webp,1544250694_Artboard_5.webp,1544250694_Artboard_4.webp,1544250694_Artboard_3.webp,1544250694_Artboard_2.webp,1544250694_Artboard_1.webp",
            "sticker_url": "https://api.wastickerapp.co/images/stickers/thumb/",
            "collage_image_url": "https://api.wastickerapp.co/images/collage_image/thumb_700/149_48411545028660.png",
            "collage_image_900_url": "https://api.wastickerapp.co/images/collage_image/thumb_900/149_48411545028660.png",
            "tray_image_url": "https://api.wastickerapp.co/images/tray_image/thumb/1544250680_123.png",
            "zip_url": "https://api.wastickerapp.co/images/stickers/zip/149.zip"
        },
        {
            "id": 18,
            "title": "Horror",
            "category_id": 6,
            "image": "1542198291_horror.png",
            "collage_image": "18_2341545026287.png",
            "collage_image_height": 1400,
            "collage_image_width": 700,
            "is_premium": 0,
            "priority": 52,
            "downloads": 7151,
            "status": 1,
            "created_at": "2018-11-14 12:25:03",
            "updated_at": "2019-02-27 05:13:19",
            "sticker_images": "1542198297_30.webp,1542198297_29.webp,1542198297_26.webp,1542198297_28.webp,1542198297_25.webp,1542198297_24.webp,1542198297_27.webp,1542198297_20.webp,1542198297_23.webp,1542198297_22.webp,1542198297_19.webp,1542198297_18.webp,1542198296_21.webp,1542198296_15.webp,1542198296_17.webp,1542198296_16.webp,1542198296_14.webp,1542198296_11.webp,1542198296_10.webp,1542198296_13.webp,1542198296_12.webp,1542198296_7.webp,1542198296_6.webp,1542198296_9.webp,1542198296_8.webp,1542198296_5.webp,1542198296_4.webp,1542198296_3.webp,1542198295_1.webp,1542198295_2.webp",
            "sticker_url": "https://api.wastickerapp.co/images/stickers/thumb/",
            "collage_image_url": "https://api.wastickerapp.co/images/collage_image/thumb_700/18_2341545026287.png",
            "collage_image_900_url": "https://api.wastickerapp.co/images/collage_image/thumb_900/18_2341545026287.png",
            "tray_image_url": "https://api.wastickerapp.co/images/tray_image/thumb/1542198291_horror.png",
            "zip_url": "https://api.wastickerapp.co/images/stickers/zip/18.zip"
        },
        {
            "id": 161,
            "title": "Indian Food",
            "category_id": 2,
            "image": "1545202428_Artboard_5.png",
            "collage_image": "indian_food_stickers_1545202475.png",
            "collage_image_height": 1225,
            "collage_image_width": 700,
            "is_premium": 0,
            "priority": 71,
            "downloads": 28319,
            "status": 1,
            "created_at": "2018-12-21 07:59:49",
            "updated_at": "2019-02-27 05:13:54",
            "sticker_images": "1545202466_Artboard_28.webp,1545202466_Artboard_27.webp,1545202466_Artboard_26.webp,1545202466_Artboard_25.webp,1545202466_Artboard_24.webp,1545202466_Artboard_14.webp,1545202466_Artboard_23.webp,1545202466_Artboard_22.webp,1545202466_Artboard_21.webp,1545202466_Artboard_20.webp,1545202466_Artboard_19.webp,1545202466_Artboard_18.webp,1545202466_Artboard_17.webp,1545202466_Artboard_16.webp,1545202466_Artboard_15.webp,1545202465_Artboard_13.webp,1545202465_Artboard_11.webp,1545202465_Artboard_3.webp,1545202465_Artboard_10.webp,1545202465_Artboard_9.webp,1545202465_Artboard_12.webp,1545202465_Artboard_8.webp,1545202465_Artboard_5.webp,1545202465_Artboard_6.webp,1545202465_Artboard_2.webp,1545202465_Artboard_7.webp,1545202464_Artboard_4.webp,1545202464_Artboard_1.webp",
            "sticker_url": "https://api.wastickerapp.co/images/stickers/thumb/",
            "collage_image_url": "https://api.wastickerapp.co/images/collage_image/thumb_700/indian_food_stickers_1545202475.png",
            "collage_image_900_url": "https://api.wastickerapp.co/images/collage_image/thumb_900/indian_food_stickers_1545202475.png",
            "tray_image_url": "https://api.wastickerapp.co/images/tray_image/thumb/1545202428_Artboard_5.png",
            "zip_url": "https://api.wastickerapp.co/images/stickers/zip/161.zip"
        },
        {
            "id": 190,
            "title": "Kites Emoji",
            "category_id": 3,
            "image": "1546607980_Artboard_6.png",
            "collage_image": "kites_emoji_1546608005.png",
            "collage_image_height": 1400,
            "collage_image_width": 700,
            "is_premium": 0,
            "priority": 46,
            "downloads": 12402,
            "status": 1,
            "created_at": "2019-01-04 13:22:13",
            "updated_at": "2019-02-27 04:58:40",
            "sticker_images": "1546607998_Artboard_30.webp,1546607998_Artboard_29.webp,1546607998_Artboard_28.webp,1546607998_Artboard_27.webp,1546607998_Artboard_26.webp,1546607998_Artboard_25.webp,1546607998_Artboard_24.webp,1546607998_Artboard_23.webp,1546607998_Artboard_22.webp,1546607998_Artboard_21.webp,1546607998_Artboard_20.webp,1546607997_Artboard_19.webp,1546607997_Artboard_18.webp,1546607997_Artboard_17.webp,1546607997_Artboard_16.webp,1546607997_Artboard_15.webp,1546607997_Artboard_14.webp,1546607997_Artboard_13.webp,1546607997_Artboard_12.webp,1546607997_Artboard_11.webp,1546607997_Artboard_10.webp,1546607997_Artboard_9.webp,1546607997_Artboard_4.webp,1546607997_Artboard_5.webp,1546607997_Artboard_6.webp,1546607997_Artboard_3.webp,1546607997_Artboard_2.webp,1546607997_Artboard_8.webp,1546607997_Artboard_7.webp,1546607996_Artboard_1.webp",
            "sticker_url": "https://api.wastickerapp.co/images/stickers/thumb/",
            "collage_image_url": "https://api.wastickerapp.co/images/collage_image/thumb_700/kites_emoji_1546608005.png",
            "collage_image_900_url": "https://api.wastickerapp.co/images/collage_image/thumb_900/kites_emoji_1546608005.png",
            "tray_image_url": "https://api.wastickerapp.co/images/tray_image/thumb/1546607980_Artboard_6.png",
            "zip_url": "https://api.wastickerapp.co/images/stickers/zip/190.zip"
        },
        {
            "id": 174,
            "title": "Love Birds",
            "category_id": 1,
            "image": "1545655315_Artboard_4.png",
            "collage_image": "love_birds_1545655348.png",
            "collage_image_height": 1225,
            "collage_image_width": 700,
            "is_premium": 0,
            "priority": 5,
            "downloads": 182619,
            "status": 1,
            "created_at": "2018-12-24 12:43:39",
            "updated_at": "2019-02-27 05:19:23",
            "sticker_images": "1545655332_Artboard_28.webp,1545655332_Artboard_27.webp,1545655332_Artboard_26.webp,1545655331_Artboard_25.webp,1545655331_Artboard_24.webp,1545655331_Artboard_21.webp,1545655331_Artboard_23.webp,1545655331_Artboard_18.webp,1545655331_Artboard_17.webp,1545655331_Artboard_22.webp,1545655331_Artboard_20.webp,1545655331_Artboard_19.webp,1545655331_Artboard_16.webp,1545655331_Artboard_14.webp,1545655331_Artboard_13.webp,1545655331_Artboard_11.webp,1545655331_Artboard_12.webp,1545655331_Artboard_10.webp,1545655331_Artboard_15.webp,1545655330_Artboard_9.webp,1545655330_Artboard_7.webp,1545655330_Artboard_4.webp,1545655330_Artboard_6.webp,1545655330_Artboard_3.webp,1545655330_Artboard_2.webp,1545655330_Artboard_8.webp,1545655330_Artboard_5.webp,1545655329_Artboard_1.webp",
            "sticker_url": "https://api.wastickerapp.co/images/stickers/thumb/",
            "collage_image_url": "https://api.wastickerapp.co/images/collage_image/thumb_700/love_birds_1545655348.png",
            "collage_image_900_url": "https://api.wastickerapp.co/images/collage_image/thumb_900/love_birds_1545655348.png",
            "tray_image_url": "https://api.wastickerapp.co/images/tray_image/thumb/1545655315_Artboard_4.png",
            "zip_url": "https://api.wastickerapp.co/images/stickers/zip/174.zip"
        },
        {
            "id": 177,
            "title": "Love Lines",
            "category_id": 1,
            "image": "1545912599_Artboard_12.png",
            "collage_image": "love_line_1545912632.png",
            "collage_image_height": 1050,
            "collage_image_width": 700,
            "is_premium": 0,
            "priority": 36,
            "downloads": 63635,
            "status": 1,
            "created_at": "2018-12-27 12:12:04",
            "updated_at": "2019-02-27 05:18:56",
            "sticker_images": "1545912619_Artboard_21.webp,1545912619_Artboard_20.webp,1545912619_Artboard_16.webp,1545912619_Artboard_19.webp,1545912619_Artboard_18.webp,1545912619_Artboard_15.webp,1545912619_Artboard_14.webp,1545912618_Artboard_17.webp,1545912618_Artboard_13.webp,1545912618_Artboard_11.webp,1545912618_Artboard_12.webp,1545912618_Artboard_7.webp,1545912618_Artboard_10.webp,1545912618_Artboard_4.webp,1545912618_Artboard_2.webp,1545912618_Artboard_9.webp,1545912618_Artboard_3.webp,1545912618_Artboard_5.webp,1545912618_Artboard_8.webp,1545912617_Artboard_6.webp,1545912617_Artboard_1.webp",
            "sticker_url": "https://api.wastickerapp.co/images/stickers/thumb/",
            "collage_image_url": "https://api.wastickerapp.co/images/collage_image/thumb_700/love_line_1545912632.png",
            "collage_image_900_url": "https://api.wastickerapp.co/images/collage_image/thumb_900/love_line_1545912632.png",
            "tray_image_url": "https://api.wastickerapp.co/images/tray_image/thumb/1545912599_Artboard_12.png",
            "zip_url": "https://api.wastickerapp.co/images/stickers/zip/177.zip"
        },
        {
            "id": 185,
            "title": "Love Quotes",
            "category_id": 21,
            "image": "1546347945_Artboard_1.png",
            "collage_image": "love_quotes_1546347965.png",
            "collage_image_height": 1400,
            "collage_image_width": 700,
            "is_premium": 0,
            "priority": 26,
            "downloads": 46061,
            "status": 1,
            "created_at": "2019-01-01 13:12:16",
            "updated_at": "2019-02-27 05:14:27",
            "sticker_images": "1546347959_Artboard_30.webp,1546347959_Artboard_29.webp,1546347958_Artboard_28.webp,1546347958_Artboard_27.webp,1546347958_Artboard_26.webp,1546347958_Artboard_25.webp,1546347958_Artboard_21.webp,1546347958_Artboard_20.webp,1546347958_Artboard_24.webp,1546347958_Artboard_19.webp,1546347958_Artboard_23.webp,1546347958_Artboard_22.webp,1546347958_Artboard_18.webp,1546347958_Artboard_17.webp,1546347958_Artboard_16.webp,1546347958_Artboard_14.webp,1546347958_Artboard_13.webp,1546347958_Artboard_12.webp,1546347958_Artboard_11.webp,1546347958_Artboard_10.webp,1546347957_Artboard_15.webp,1546347957_Artboard_9.webp,1546347957_Artboard_7.webp,1546347957_Artboard_6.webp,1546347957_Artboard_3.webp,1546347957_Artboard_2.webp,1546347957_Artboard_4.webp,1546347957_Artboard_8.webp,1546347957_Artboard_5.webp,1546347956_Artboard_1.webp",
            "sticker_url": "https://api.wastickerapp.co/images/stickers/thumb/",
            "collage_image_url": "https://api.wastickerapp.co/images/collage_image/thumb_700/love_quotes_1546347965.png",
            "collage_image_900_url": "https://api.wastickerapp.co/images/collage_image/thumb_900/love_quotes_1546347965.png",
            "tray_image_url": "https://api.wastickerapp.co/images/tray_image/thumb/1546347945_Artboard_1.png",
            "zip_url": "https://api.wastickerapp.co/images/stickers/zip/185.zip"
        },
        {
            "id": 26,
            "title": "Memes",
            "category_id": 6,
            "image": "1542198532_memes.png",
            "collage_image": "26_901545026344.png",
            "collage_image_height": 1400,
            "collage_image_width": 700,
            "is_premium": 0,
            "priority": 49,
            "downloads": 22917,
            "status": 1,
            "created_at": "2018-11-14 12:29:10",
            "updated_at": "2019-02-27 05:19:28",
            "sticker_images": "1542198540_30.webp,1542198540_28.webp,1542198540_23.webp,1542198540_27.webp,1542198539_26.webp,1542198539_24.webp,1542198539_18.webp,1542198539_25.webp,1542198539_20.webp,1542198539_22.webp,1542198539_17.webp,1542198539_21.webp,1542198539_16.webp,1542198539_19.webp,1542198538_15.webp,1542198538_14.webp,1542198538_13.webp,1542198538_12.webp,1542198538_11.webp,1542198538_10.webp,1542198538_9.webp,1542198538_8.webp,1542198538_7.webp,1542198538_5.webp,1542198538_6.webp,1542198538_4.webp,1542198538_3.webp,1542198538_1.webp,1542198538_2.webp",
            "sticker_url": "https://api.wastickerapp.co/images/stickers/thumb/",
            "collage_image_url": "https://api.wastickerapp.co/images/collage_image/thumb_700/26_901545026344.png",
            "collage_image_900_url": "https://api.wastickerapp.co/images/collage_image/thumb_900/26_901545026344.png",
            "tray_image_url": "https://api.wastickerapp.co/images/tray_image/thumb/1542198532_memes.png",
            "zip_url": "https://api.wastickerapp.co/images/stickers/zip/26.zip"
        },
        {
            "id": 40,
            "title": "Memes 2",
            "category_id": 6,
            "image": "1542529882_Meme.png",
            "collage_image": "40_41545026543.png",
            "collage_image_height": 1400,
            "collage_image_width": 700,
            "is_premium": 0,
            "priority": 54,
            "downloads": 13516,
            "status": 1,
            "created_at": "2018-11-18 08:31:43",
            "updated_at": "2019-02-27 05:10:14",
            "sticker_images": "1542529894_1.webp,1542529894_10.webp,1542529893_12.webp,1542529893_11.webp,1542529893_16.webp,1542529893_17.webp,1542529893_13.webp,1542529892_14.webp,1542529892_15.webp,1542529892_18.webp,1542529892_20.webp,1542529892_21.webp,1542529892_19.webp,1542529891_2.webp,1542529891_22.webp,1542529891_23.webp,1542529891_24.webp,1542529891_25.webp,1542529891_26.webp,1542529890_27.webp,1542529890_28.webp,1542529890_29.webp,1542529889_3.webp,1542529889_30.webp,1542529889_8.webp,1542529889_6.webp,1542529889_4.webp,1542529889_5.webp,1542529889_7.webp,1542529889_9.webp",
            "sticker_url": "https://api.wastickerapp.co/images/stickers/thumb/",
            "collage_image_url": "https://api.wastickerapp.co/images/collage_image/thumb_700/40_41545026543.png",
            "collage_image_900_url": "https://api.wastickerapp.co/images/collage_image/thumb_900/40_41545026543.png",
            "tray_image_url": "https://api.wastickerapp.co/images/tray_image/thumb/1542529882_Meme.png",
            "zip_url": "https://api.wastickerapp.co/images/stickers/zip/40.zip"
        },
        {
            "id": 72,
            "title": "Minecraft",
            "category_id": 4,
            "image": "1542639592_tray.png",
            "collage_image": "72_4841545027167.png",
            "collage_image_height": 1400,
            "collage_image_width": 700,
            "is_premium": 0,
            "priority": 60,
            "downloads": 1920,
            "status": 1,
            "created_at": "2018-11-19 15:00:07",
            "updated_at": "2019-02-27 04:30:02",
            "sticker_images": "1542639601_28.webp,1542639600_27.webp,1542639600_29.webp,1542639600_22.webp,1542639600_30.webp,1542639600_26.webp,1542639600_25.webp,1542639599_21.webp,1542639599_3.webp,1542639598_15.webp,1542639599_24.webp,1542639599_23.webp,1542639599_20.webp,1542639599_19.webp,1542639598_5.webp,1542639599_18.webp,1542639598_17.webp,1542639598_16.webp,1542639599_14.webp,1542639598_13.webp,1542639598_12.webp,1542639598_10.webp,1542639598_9.webp,1542639598_11.webp,1542639598_8.webp,1542639597_4.webp,1542639597_6.webp,1542639597_2.webp,1542639597_7.webp,1542639597_1.webp",
            "sticker_url": "https://api.wastickerapp.co/images/stickers/thumb/",
            "collage_image_url": "https://api.wastickerapp.co/images/collage_image/thumb_700/72_4841545027167.png",
            "collage_image_900_url": "https://api.wastickerapp.co/images/collage_image/thumb_900/72_4841545027167.png",
            "tray_image_url": "https://api.wastickerapp.co/images/tray_image/thumb/1542639592_tray.png",
            "zip_url": "https://api.wastickerapp.co/images/stickers/zip/72.zip"
        },
        {
            "id": 155,
            "title": "Mosquito",
            "category_id": 6,
            "image": "1544792727_Artboard_1.png",
            "collage_image": "155_151545028780.png",
            "collage_image_height": 1400,
            "collage_image_width": 700,
            "is_premium": 0,
            "priority": 45,
            "downloads": 10471,
            "status": 1,
            "created_at": "2018-12-15 04:56:02",
            "updated_at": "2019-02-27 05:12:02",
            "sticker_images": "1544792754_Artboard_28.webp,1544792754_Artboard_30.webp,1544792754_Artboard_29.webp,1544792753_Artboard_27.webp,1544792753_Artboard_21.webp,1544792753_Artboard_24.webp,1544792753_Artboard_25.webp,1544792753_Artboard_26.webp,1544792753_Artboard_23.webp,1544792753_Artboard_22.webp,1544792753_Artboard_20.webp,1544792753_Artboard_19.webp,1544792753_Artboard_16.webp,1544792753_Artboard_14.webp,1544792753_Artboard_13.webp,1544792753_Artboard_17.webp,1544792753_Artboard_18.webp,1544792753_Artboard_15.webp,1544792752_Artboard_12.webp,1544792752_Artboard_7.webp,1544792752_Artboard_6.webp,1544792752_Artboard_11.webp,1544792752_Artboard_10.webp,1544792752_Artboard_4.webp,1544792752_Artboard_9.webp,1544792752_Artboard_8.webp,1544792752_Artboard_3.webp,1544792752_Artboard_5.webp,1544792752_Artboard_2.webp,1544792752_Artboard_1.webp",
            "sticker_url": "https://api.wastickerapp.co/images/stickers/thumb/",
            "collage_image_url": "https://api.wastickerapp.co/images/collage_image/thumb_700/155_151545028780.png",
            "collage_image_900_url": "https://api.wastickerapp.co/images/collage_image/thumb_900/155_151545028780.png",
            "tray_image_url": "https://api.wastickerapp.co/images/tray_image/thumb/1544792727_Artboard_1.png",
            "zip_url": "https://api.wastickerapp.co/images/stickers/zip/155.zip"
        },
        {
            "id": 186,
            "title": "Motivational Quotes",
            "category_id": 21,
            "image": "1546348031_Artboard_1.png",
            "collage_image": "motivational_quotes_1546348197.png",
            "collage_image_height": 1400,
            "collage_image_width": 700,
            "is_premium": 0,
            "priority": 31,
            "downloads": 22187,
            "status": 1,
            "created_at": "2019-01-01 13:12:16",
            "updated_at": "2019-02-27 05:00:49",
            "sticker_images": "1546348047_Artboard_28.webp,1546348047_Artboard_30.webp,1546348047_Artboard_29.webp,1546348047_Artboard_27.webp,1546348047_Artboard_26.webp,1546348047_Artboard_25.webp,1546348047_Artboard_24.webp,1546348047_Artboard_23.webp,1546348047_Artboard_13.webp,1546348047_Artboard_22.webp,1546348047_Artboard_21.webp,1546348047_Artboard_19.webp,1546348047_Artboard_14.webp,1546348047_Artboard_17.webp,1546348046_Artboard_20.webp,1546348046_Artboard_18.webp,1546348046_Artboard_16.webp,1546348046_Artboard_11.webp,1546348046_Artboard_15.webp,1546348046_Artboard_10.webp,1546348046_Artboard_12.webp,1546348046_Artboard_5.webp,1546348046_Artboard_9.webp,1546348046_Artboard_8.webp,1546348046_Artboard_4.webp,1546348046_Artboard_3.webp,1546348046_Artboard_2.webp,1546348045_Artboard_7.webp,1546348045_Artboard_6.webp,1546348045_Artboard_1.webp",
            "sticker_url": "https://api.wastickerapp.co/images/stickers/thumb/",
            "collage_image_url": "https://api.wastickerapp.co/images/collage_image/thumb_700/motivational_quotes_1546348197.png",
            "collage_image_900_url": "https://api.wastickerapp.co/images/collage_image/thumb_900/motivational_quotes_1546348197.png",
            "tray_image_url": "https://api.wastickerapp.co/images/tray_image/thumb/1546348031_Artboard_1.png",
            "zip_url": "https://api.wastickerapp.co/images/stickers/zip/186.zip"
        },
        {
            "id": 112,
            "title": "Mr. Bean",
            "category_id": 6,
            "image": "1543046891_mr_1.png",
            "collage_image": "112_1981545027933.png",
            "collage_image_height": 700,
            "collage_image_width": 700,
            "is_premium": 0,
            "priority": 65,
            "downloads": 14603,
            "status": 1,
            "created_at": "2018-11-24 08:08:22",
            "updated_at": "2019-02-27 05:16:02",
            "sticker_images": "1543046899_mr_1.webp,1543046899_mr_11.webp,1543046898_mr_16.webp,1543046898_mr_17.webp,1543046898_mr_14.webp,1543046898_mr_10.webp,1543046898_mr_2.webp,1543046898_mr_12.webp,1543046898_mr_3.webp,1543046898_mr_13.webp,1543046898_mr_15.webp,1543046898_mr_19.webp,1543046897_mr_6.webp,1543046897_mr_8.webp,1543046897_mr_7.webp,1543046897_mr_9.webp",
            "sticker_url": "https://api.wastickerapp.co/images/stickers/thumb/",
            "collage_image_url": "https://api.wastickerapp.co/images/collage_image/thumb_700/112_1981545027933.png",
            "collage_image_900_url": "https://api.wastickerapp.co/images/collage_image/thumb_900/112_1981545027933.png",
            "tray_image_url": "https://api.wastickerapp.co/images/tray_image/thumb/1543046891_mr_1.png",
            "zip_url": "https://api.wastickerapp.co/images/stickers/zip/112.zip"
        }
    ]
}